,bengaliName,objectID,name,nameWithoutSubText,subText,mrp,corpPrice,price,shortDesc,longDesc,slug,doNotApplyDiscounts,picturesUrls,offerPicturesUrls,recursiveCategories,categories,manufacturers,blockSale,derivedProductVariant,unitQuantity,catalogItemType,productAvailabilityForSelectedWarehouse
0,আম গোপালভোগ ± ৫০ গ্রাম ৩ কেজি,16207,Mango Gopalbhog ± 50 gm 3 kg,Mango Gopalbhog ± 50 gm,3 kg,360.0,339.0,339.0,,,mango-gopalbhog-50-gm-3-kg,0,['https://chaldn.com/_mpimage/mango-gopalbhog-50-gm-3-kg?src=https%3A%2F%2Feggyolk.chaldal.com%2Fapi%2FPicture%2FRaw%3FpictureId%3D78317&q=best&v=1'],['https://chaldn.com/_mpimage?src=https%3A%2F%2Feggyolk.chaldal.com%2Fapi%2FPicture%2FRaw%3FpictureId%3D156775&q=low&v=1'],"[11, 7, 2]",[11],"[502, 256]",0,[],1,Grocery,"[{'Quantity': 20, 'EarliestAvailableTime': {'UnixTimeMilliseconds': 1717777955693, 'Offset': 360.0}, 'EarliestAvailableTimeOfDay': None, 'AvailabilityCutOffTimeOfDay': None}]"
1,ডেটল সোপ বাথিং বার অরিজিনাল জার্ম ডিফেন্স ৭৫ গ্রাম (ফ্রি টিফিন বক্স) ৩ টি,39673,Dettol Soap Bathing Bar Original Germ Defence 75 gm (Free Tiffin Box) 3 pcs,Dettol Soap Bathing Bar Original Germ Defence 75 gm (Free Tiffin Box),3 pcs,180.0,180.0,180.0,,"Highlights
●Dettol Original Soap comes with the Classic Dettol fragrance
●	Dettol Original Soap protects from 99.99 illness causing germs
●	Dettol Original Soap is a Grade 1 Soap- providing the best value for your purchase
●	Dettol is recommended by Bangladesh Private Medical Practitioners Association (BPMPA)
Description
Dettol soap Original bathing bar soap is a Grade-1. It comes with the classic Dettol fragrance. It cleanses and protects your skin for a hygienic clean and healthy, refreshing feeling every day. Be 100% sure. Get Dettol's trusted protection from a wide range of unseen germs. Dettol is recommended by Bangladesh Private Medical Practitioners Association (BPMPA). Available in Original, Cool, Skincare, Aloe Vera & Fresh variants.
Usage Information: Remove the wrapper and wet the soap, rub your palms together until soap is bubbly, apply soap over the entire body avoiding eye areas. Lastly, rinse yourself with water and dry up.
Safety Measure: This product is not edible. Keep away from eye area, rinse thoroughly if contacted. Consult a doctor immediately looking into the severity of the discomfort. Read label for detail.
About the Manufacturer: Dettol & Sword devices are registered trademark of Reckitt PLC. Dettol is protecting health for over 80 years and is used 2 billion times each day in over 124 countries. Dettol Soaps in Bangladesh is manufactured and marketed by Reckitt Bangladesh PLC.",dettol-soap-bathing-bar-original-germ-defence-75-gm-free-tiffin-box-3-pcs,0,"['https://chaldn.com/_mpimage/dettol-soap-bathing-bar-original-germ-defence-75-gm-free-tiffin-box-3-pcs?src=https%3A%2F%2Feggyolk.chaldal.com%2Fapi%2FPicture%2FRaw%3FpictureId%3D151122&q=best&v=1', 'https://chaldn.com/_mpimage/dettol-original-soap-bar-75-gm-free-tiffin-box-3-pcs?src=https%3A%2F%2Feggyolk.chaldal.com%2Fapi%2FPicture%2FRaw%3FpictureId%3D141449&q=best&v=1', 'https://chaldn.com/_mpimage/dettol-original-soap-bar-75-gm-free-tiffin-box-3-pcs?src=https%3A%2F%2Feggyolk.chaldal.com%2Fapi%2FPicture%2FRaw%3FpictureId%3D141450&q=best&v=1', 'https://chaldn.com/_mpimage/dettol-original-soap-bar-75-gm-free-tiffin-box-3-pcs?src=https%3A%2F%2Feggyolk.chaldal.com%2Fapi%2FPicture%2FRaw%3FpictureId%3D141451&q=best&v=1', 'https://chaldn.com/_mpimage/dettol-original-soap-bar-75-gm-free-tiffin-box-3-pcs?src=https%3A%2F%2Feggyolk.chaldal.com%2Fapi%2FPicture%2FRaw%3FpictureId%3D141452&q=best&v=1', 'https://chaldn.com/_mpimage/dettol-original-soap-bar-75-gm-free-tiffin-box-3-pcs?src=https%3A%2F%2Feggyolk.chaldal.com%2Fapi%2FPicture%2FRaw%3FpictureId%3D141453&q=best&v=1', 'https://chaldn.com/_mpimage/dettol-original-soap-bar-75-gm-free-tiffin-box-3-pcs?src=https%3A%2F%2Feggyolk.chaldal.com%2Fapi%2FPicture%2FRaw%3FpictureId%3D141454&q=best&v=1']",['https://chaldn.com/_mpimage?src=https%3A%2F%2Feggyolk.chaldal.com%2Fapi%2FPicture%2FRaw%3FpictureId%3D149095&q=low&v=1'],"[238, 1620, 1698, 30]","[238, 1620]","[458, 459, 494, 144]",0,[],1,Grocery,"[{'Quantity': 105, 'EarliestAvailableTime': {'UnixTimeMilliseconds': 1717777955693, 'Offset': 360.0}, 'EarliestAvailableTimeOfDay': None, 'AvailabilityCutOffTimeOfDay': None}, {'Quantity': 3264, 'EarliestAvailableTime': {'UnixTimeMilliseconds': 1717907400000, 'Offset': 360.0}, 'AvailabilityExpiryTime': {'UnixTimeMilliseconds': 1717864200000, 'Offset': 360.0}, 'EarliestAvailableTimeOfDay': None, 'AvailabilityCutOffTimeOfDay': None}]"
2,চালডাল বেসিক ডিশ ওয়াশিং বার ৩০০ গ্রাম,30214,Chaldal Basic Dishwashing Bar 300 gm,Chaldal Basic Dishwashing Bar,300 gm,40.0,40.0,40.0,,"Chaldal Basic Dishwashing Bar with the power of 100 lemons helps to clean tough grease the fastest. It gives you a pleasant cleaning experience with its refreshing lemon fragrance. It removes stains easily. It is tough on stains, and gentle on your hands. Just take a little bit of Chaldal Basic Dishwashing Bar on your scrubber and clean your cooking vessels. So go ahead and enjoy the Chaldal Basic Dishwashing Bar experience.",chaldal-basic-dishwashing-bar-300-gm,0,"['https://chaldn.com/_mpimage/chaldal-basic-dishwashing-bar-300-gm?src=https%3A%2F%2Feggyolk.chaldal.com%2Fapi%2FPicture%2FRaw%3FpictureId%3D149688&q=best&v=1', 'https://chaldn.com/_mpimage/chaldal-basic-dishwashing-bar-300-gm?src=https%3A%2F%2Feggyolk.chaldal.com%2Fapi%2FPicture%2FRaw%3FpictureId%3D149543&q=best&v=1', 'https://chaldn.com/_mpimage/chaldal-basic-dishwashing-bar-300-gm?src=https%3A%2F%2Feggyolk.chaldal.com%2Fapi%2FPicture%2FRaw%3FpictureId%3D149545&q=best&v=1']",['https://chaldn.com/_mpimage?src=https%3A%2F%2Feggyolk.chaldal.com%2Fapi%2FPicture%2FRaw%3FpictureId%3D152174&q=low&v=1'],"[83, 81, 238, 1737]","[83, 238, 1737]","[265, 277, 517, 531, 532]",0,[],1,Grocery,"[{'Quantity': 93, 'EarliestAvailableTime': {'UnixTimeMilliseconds': 1717777955693, 'Offset': 360.0}, 'EarliestAvailableTimeOfDay': None, 'AvailabilityCutOffTimeOfDay': None}, {'Quantity': 8464, 'EarliestAvailableTime': {'UnixTimeMilliseconds': 1717907400000, 'Offset': 360.0}, 'AvailabilityExpiryTime': {'UnixTimeMilliseconds': 1717864200000, 'Offset': 360.0}, 'EarliestAvailableTimeOfDay': None, 'AvailabilityCutOffTimeOfDay': None}]"
3,চালডাল বেসিক সিনথেটিক ডিটারজেন্ট পাউডার ১ কেজি,49116,Chaldal Basic Synthetic Detergent Powder 1 kg,Chaldal Basic Synthetic Detergent Powder,1 kg,290.0,139.0,139.0,,"Chaldal Basic Synthetic detergent powder, a one stop solution for all your laundry woes.While learning new skills and having fun, children often come home with a variety of stains on their clothes and more so often on their very important uniforms. While you’re happy that they have these new experiences, the stains leave you worried. To fight these difficult stains you end up putting in a lot extra effort and use additional stain removers such as bleach, lemon etc. It’s time you switch to Chaldal Basic Synthetic detergent powder and say goodbye to long laundry drills and juggling with different stain removal products each day. Chaldal Basic Synthetic detergent powder is one of the premium most detergent powders available in Bangladesh and has X-Tra Clean particles that combine the power of different stain removing products such as bleach. The superior technology of Chaldal Basic Synthetic detergent powder removes a variety of common tough stains like oil, ketchup, chocolate, curry stains, tea etc. With X-tra cleaning particles, it makes for the perfect wash. So go on and order your pack of Chaldal Basic Synthetic detergent powder right away and let you kids gets out there, clean, smart and prepared to take on the world and leave the stains to us.",chaldal-basic-synthetic-detergent-powder-1-kg,0,"['https://chaldn.com/_mpimage/chaldal-basic-synthetic-detergent-powder-1-kg?src=https%3A%2F%2Feggyolk.chaldal.com%2Fapi%2FPicture%2FRaw%3FpictureId%3D152235&q=best&v=1', 'https://chaldn.com/_mpimage/chaldal-basic-synthetic-detergent-powder-1-kg?src=https%3A%2F%2Feggyolk.chaldal.com%2Fapi%2FPicture%2FRaw%3FpictureId%3D152276&q=best&v=1']",['https://chaldn.com/_mpimage?src=https%3A%2F%2Feggyolk.chaldal.com%2Fapi%2FPicture%2FRaw%3FpictureId%3D152484&q=low&v=1'],"[86, 81, 238, 1737]","[86, 238, 1737]",[517],0,[],1,Grocery,"[{'Quantity': 62, 'EarliestAvailableTime': {'UnixTimeMilliseconds': 1717777955693, 'Offset': 360.0}, 'EarliestAvailableTimeOfDay': None, 'AvailabilityCutOffTimeOfDay': None}, {'Quantity': 60, 'EarliestAvailableTime': {'UnixTimeMilliseconds': 1717907400000, 'Offset': 360.0}, 'AvailabilityExpiryTime': {'UnixTimeMilliseconds': 1717864200000, 'Offset': 360.0}, 'EarliestAvailableTimeOfDay': None, 'AvailabilityCutOffTimeOfDay': None}]"
4,চালডাল বেসিক লিকুইড ডিসওয়াশ ৫০০ মিলি,49144,Chaldal Basic Liquid Dishwash 500 ml,Chaldal Basic Liquid Dishwash,500 ml,140.0,99.0,99.0,,"Chaldal Basic Liquid Dishwash, with double lemon power it cleans 2x number of dishes Vs Bars, gives you complete cleaning without leaving any residue, unlike Dishwash Bars. It is also great value for money with one spoon of Chaldal Basic Liquid Dishwash being enough to clean a full sink of dirty utensils. Its superior fragrance leaves your utensils smelling fresh, while its pH neutral formula is gentle on your hands. It also keeps your expensive utensils like non-stick cookware looking new for longer as it cleans without scratching the surface and is recommended for non-stick cookware. For cooking vessels, add a drop of Chaldal Basic Liquid Dishwash directly on the scrubber and wash to get rid of tough stains. For other utensils, tiffins and dishes, take a spoonful of Chaldal Basic Liquid Dishwash, mix it in a bowl of water use the mixture to wash.",chaldal-basic-liquid-dishwash-500-ml,0,"['https://chaldn.com/_mpimage/chaldal-basic-liquid-dishwash-500-ml?src=https%3A%2F%2Feggyolk.chaldal.com%2Fapi%2FPicture%2FRaw%3FpictureId%3D152330&q=best&v=1', 'https://chaldn.com/_mpimage/chaldal-basic-liquid-dishwash-500-ml?src=https%3A%2F%2Feggyolk.chaldal.com%2Fapi%2FPicture%2FRaw%3FpictureId%3D152333&q=best&v=1']",['https://chaldn.com/_mpimage?src=https%3A%2F%2Feggyolk.chaldal.com%2Fapi%2FPicture%2FRaw%3FpictureId%3D152483&q=low&v=1'],"[83, 81, 1471, 1737]","[83, 1471, 1737]",[517],0,[],1,Grocery,"[{'Quantity': 47, 'EarliestAvailableTime': {'UnixTimeMilliseconds': 1717777955693, 'Offset': 360.0}, 'EarliestAvailableTimeOfDay': None, 'AvailabilityCutOffTimeOfDay': None}, {'Quantity': 1224, 'EarliestAvailableTime': {'UnixTimeMilliseconds': 1717907400000, 'Offset': 360.0}, 'AvailabilityExpiryTime': {'UnixTimeMilliseconds': 1717864200000, 'Offset': 360.0}, 'EarliestAvailableTimeOfDay': None, 'AvailabilityCutOffTimeOfDay': None}]"
5,হারপিক লিকুইড টয়লেট ক্লিনার ৭৫০ মিলি এ্যান্ড লাইজল সাইট্রাস ফ্লোর ক্লিনার ৫০০ মিলি (ফ্রি মগ) ২ টি,23889,Harpic Liquid Toilet Cleaner 750 ml & Lizol Citrus Floor Cleaner 500 ml (Free Mug) 2 pcs,Harpic Liquid Toilet Cleaner 750 ml & Lizol Citrus Floor Cleaner 500 ml (Free Mug),2 pcs,320.0,279.0,279.0,,"Highlights:
Harpic Lizol Double Protection Offer includes Harpic Toilet Cleaner Liquid 750ml and Lizol Floor Cleaner Disinfectant Surface Cleaner Citrus 500ml.
Removes tough stains from toilet
Leaves toilet sparkly Clean, hygienic and visibly neat 
Kills 99.9% of germs on toilet
Disinfectant Surface Cleaner: Removes powerful stains & kills 99.9% germs of all surfaces
Use directly or diluted for regular use, Suitable for cleaning all kinds of surfaces with Lizol.
Leaves a pleasant fragrance after a wipe with Lizol
Description:
Harpic Lizol Double Protection Offer includes Harpic Toilet Cleaner Liquid 750ml and Lizol Floor Cleaner Disinfectant Surface Cleaner Citrus 500ml.
Harpic Toilet Cleaner Liquid 750ml cleans from the rim to the u bend, it cleans tough stains, kills 99.9% of the germs and leaves the bowl smelling fresh and sparkling clean.
Exclusively formulated Lizol Floor Cleaner Disinfectant Surface Cleaner Citrus 500ml gives your home 10x better cleaning and germ kill than phenyl & detergents. It kills virus and 99.9% germs, removes tough stains from surfaces & leaves your home with pleasant fragrance.  Lizol is safe to use on all surfaces like Ceramic, Marble Granite, Mosaic.
Usage Information: For toilet, press Harpic Toilet Cleaner Liquid cap and twist to open, squeeze liquid around the toilet bowl and rim, leave for 5-10mins, finally scrub gently using a brush and flush.
For Floor/Surface, Mix 1 cap Lizol with water (half bucket) for cleaning home & bathroom surfaces. For kitchen, use Lizol directly without diluting with water. 
Safety Measure: This product is not edible. Consult a doctor immediately if consumed or directly contacted with eyes or skin. Read label for detail.
About the Manufacturer: Harpic is a registered Trademark of Reckitt PLC headquartered in England. The first Harpic product was manufactured during 1920s in England. Harpic is the number 1 selling toilet cleaner in the world. Harpic products are made in Bangladesh by Reckitt (Bangladesh) PLC.
Lizol & Lysol are brands of Reckitt PLC. Lizol products are manufactured and marketed in Bangladesh by Reckitt Bangladesh PLC.",harpic-liquid-toilet-cleaner-750-ml-lizol-citrus-floor-cleaner-500-ml-free-mug-2-pcs,0,"['https://chaldn.com/_mpimage/harpic-liquid-toilet-cleaner-750-ml-lizol-citrus-floor-cleaner-500-ml-free-mug-2-pcs?src=https%3A%2F%2Feggyolk.chaldal.com%2Fapi%2FPicture%2FRaw%3FpictureId%3D133360&q=best&v=1', 'https://chaldn.com/_mpimage/harpic-liquid-toilet-cleaner-750-ml-lizol-citrus-floor-cleaner-500-ml-free-mug-2-pcs?src=https%3A%2F%2Feggyolk.chaldal.com%2Fapi%2FPicture%2FRaw%3FpictureId%3D128123&q=best&v=1', 'https://chaldn.com/_mpimage/harpic-liquid-toilet-cleaner-750-ml-lizol-citrus-floor-cleaner-500-ml-free-mug-2-pcs?src=https%3A%2F%2Feggyolk.chaldal.com%2Fapi%2FPicture%2FRaw%3FpictureId%3D128124&q=best&v=1', 'https://chaldn.com/_mpimage/harpic-liquid-toilet-cleaner-750-ml-lizol-citrus-floor-cleaner-500-ml-free-mug-2-pcs?src=https%3A%2F%2Feggyolk.chaldal.com%2Fapi%2FPicture%2FRaw%3FpictureId%3D128125&q=best&v=1', 'https://chaldn.com/_mpimage/harpic-liquid-toilet-cleaner-750-ml-lizol-citrus-floor-cleaner-500-ml-free-mug-2-pcs?src=https%3A%2F%2Feggyolk.chaldal.com%2Fapi%2FPicture%2FRaw%3FpictureId%3D128126&q=best&v=1', 'https://chaldn.com/_mpimage/harpic-liquid-toilet-cleaner-750-ml-lizol-citrus-floor-cleaner-500-ml-free-mug-2-pcs?src=https%3A%2F%2Feggyolk.chaldal.com%2Fapi%2FPicture%2FRaw%3FpictureId%3D128127&q=best&v=1', 'https://chaldn.com/_mpimage/harpic-liquid-toilet-cleaner-750-ml-lizol-citrus-floor-cleaner-500-ml-free-mug-2-pcs?src=https%3A%2F%2Feggyolk.chaldal.com%2Fapi%2FPicture%2FRaw%3FpictureId%3D128128&q=best&v=1', 'https://chaldn.com/_mpimage/harpic-liquid-toilet-cleaner-750-ml-lizol-citrus-floor-cleaner-500-ml-free-mug-2-pcs?src=https%3A%2F%2Feggyolk.chaldal.com%2Fapi%2FPicture%2FRaw%3FpictureId%3D128129&q=best&v=1', 'https://chaldn.com/_mpimage/harpic-liquid-toilet-cleaner-750-ml-lizol-citrus-floor-cleaner-500-ml-free-mug-2-pcs?src=https%3A%2F%2Feggyolk.chaldal.com%2Fapi%2FPicture%2FRaw%3FpictureId%3D128130&q=best&v=1', 'https://chaldn.com/_mpimage/harpic-liquid-toilet-cleaner-750-ml-lizol-citrus-floor-cleaner-500-ml-free-mug-2-pcs?src=https%3A%2F%2Feggyolk.chaldal.com%2Fapi%2FPicture%2FRaw%3FpictureId%3D128131&q=best&v=1']",['https://chaldn.com/_mpimage?src=https%3A%2F%2Feggyolk.chaldal.com%2Fapi%2FPicture%2FRaw%3FpictureId%3D149535&q=low&v=1'],"[84, 81, 238, 1542, 81]","[84, 238, 1542]","[416, 420, 422, 462, 463, 144, 362, 494, 364, 257, 281, 287, 335, 472]",0,[],1,Grocery,"[{'Quantity': 1, 'EarliestAvailableTime': {'UnixTimeMilliseconds': 1717777955693, 'Offset': 360.0}, 'EarliestAvailableTimeOfDay': None, 'AvailabilityCutOffTimeOfDay': None}, {'Quantity': 774, 'EarliestAvailableTime': {'UnixTimeMilliseconds': 1717907400000, 'Offset': 360.0}, 'AvailabilityExpiryTime': {'UnixTimeMilliseconds': 1717864200000, 'Offset': 360.0}, 'EarliestAvailableTimeOfDay': None, 'AvailabilityCutOffTimeOfDay': None}]"
6,ডেটল হ্যান্ডওয়াশ স্কিনকেয়ার লিকুইড রিফিল ১৭০ মিলি কম্বো (ফ্রি টিফিন বক্স) ২ টি,39505,Dettol Handwash Skincare Liquid Refill 170 ml Combo (Free Tiffin Box) 2 pcs,Dettol Handwash Skincare Liquid Refill 170 ml Combo (Free Tiffin Box),2 pcs,150.0,150.0,150.0,,"Highlights:
Dettol Handwash provides everyday protection and protects from 100 illness causing germs as per standard testing protocol. Daily use of Dettol Handwash keeps your hand clean and germ free. Dettol Handwash Liquid is recommended by Bangladesh Private Medical Practitioners Association. 
Safety Direction: for external use only. Keep out of reach of children unless under adult supervision. Avoid contact with eyes. In case of contact with eyes rinse immediately with of water. If persistent irritation occurs, get medical attention. Not to be used on children under 3 years of age. Store in cool and dry place.",dettol-handwash-skincare-liquid-refill-free-tiffin-box-170-ml-combo,0,"['https://chaldn.com/_mpimage/dettol-handwash-skincare-liquid-refill-170-ml-combo-free-tiffin-box-2-pcs?src=https%3A%2F%2Feggyolk.chaldal.com%2Fapi%2FPicture%2FRaw%3FpictureId%3D156378&q=best&v=1', 'https://chaldn.com/_mpimage/dettol-handwash-skincare-liquid-refill-free-tiffin-box-170-ml-combo?src=https%3A%2F%2Feggyolk.chaldal.com%2Fapi%2FPicture%2FRaw%3FpictureId%3D156382&q=best&v=1', 'https://chaldn.com/_mpimage/dettol-handwash-skincare-liquid-refill-free-tiffin-box-170-ml-combo?src=https%3A%2F%2Feggyolk.chaldal.com%2Fapi%2FPicture%2FRaw%3FpictureId%3D156383&q=best&v=1', 'https://chaldn.com/_mpimage/dettol-handwash-skincare-liquid-refill-free-tiffin-box-170-ml-combo?src=https%3A%2F%2Feggyolk.chaldal.com%2Fapi%2FPicture%2FRaw%3FpictureId%3D156384&q=best&v=1', 'https://chaldn.com/_mpimage/dettol-handwash-skincare-liquid-refill-free-tiffin-box-170-ml-combo?src=https%3A%2F%2Feggyolk.chaldal.com%2Fapi%2FPicture%2FRaw%3FpictureId%3D156385&q=best&v=1', 'https://chaldn.com/_mpimage/dettol-handwash-skincare-liquid-refill-free-tiffin-box-170-ml-combo?src=https%3A%2F%2Feggyolk.chaldal.com%2Fapi%2FPicture%2FRaw%3FpictureId%3D156386&q=best&v=1']",['https://chaldn.com/_mpimage?src=https%3A%2F%2Feggyolk.chaldal.com%2Fapi%2FPicture%2FRaw%3FpictureId%3D158179&q=low&v=1'],"[238, 1638, 40, 30]","[238, 1638]","[457, 458, 459]",0,[],1,Grocery,"[{'Quantity': 1, 'EarliestAvailableTime': {'UnixTimeMilliseconds': 1717777955693, 'Offset': 360.0}, 'EarliestAvailableTimeOfDay': None, 'AvailabilityCutOffTimeOfDay': None}, {'Quantity': 134, 'EarliestAvailableTime': {'UnixTimeMilliseconds': 1717907400000, 'Offset': 360.0}, 'AvailabilityExpiryTime': {'UnixTimeMilliseconds': 1717864200000, 'Offset': 360.0}, 'EarliestAvailableTimeOfDay': None, 'AvailabilityCutOffTimeOfDay': None}]"
7,ডেটল স্কিনকেয়ার বডিওয়াশ (ফ্রী লুফা) ২৫০ মিলি,24359,Dettol Skincare Bodywash (Free Loofah) 250 ml,Dettol Skincare Bodywash (Free Loofah),250 ml,200.0,200.0,200.0,,"Highlights
●	Dettol’s trusted germ protection with Rose & Sakura blossom
●	Keeps your skin feeling healthy and soft
●	8 Hour long lasting moisture
●	pH-balanced formula with no TCC & Triclosan
●	Dermatologically tested
Description
Dettol Skincare bodywash combines Dettol’s trusted germ protection with Sakura Blossom fragrance to give you 8-hour moisture and leaves your skin feeling healthy and soft. Dettol gives you 100% better germ protection versus non-antibacterial products, as tested against bacteria. It has a pH-balanced formulation with no TCC & Triclosan and has been dermatologically tested.
Usage Direction: For the best lather, place a small amount of Dettol shower gel onto a shower puff or your palm and massage onto your body then rinse with water. 
Safety Direction: For external use only. Keep out of reach of children unless under adult supervision. Not to be used for children under 3 years of age. Avoid direct contact with eyes. In case of contact with eyes, rinse immediately with plenty of water. If persistent irritation occurs, get medical attention. Store in a cool and dry place. 
About the Manufacturer: Dettol Body Wash is made in Bangladesh by Reckitt Benckiser Bangladesh PLC. Dettol is a registered Trademark of Reckitt Benckiser PLC headquartered in England. The first Dettol product was manufactured in the year 1932 in England. Dettol is now the world’s most trusted germ kill brand.",dettol-skincare-bodywash-free-loofah-250-ml,0,"['https://chaldn.com/_mpimage/dettol-skincare-bodywash-free-loofah-250-ml?src=https%3A%2F%2Feggyolk.chaldal.com%2Fapi%2FPicture%2FRaw%3FpictureId%3D149410&q=best&v=1', 'https://chaldn.com/_mpimage/dettol-skincare-bodywash-rose-sakura-blossom-free-loofah-250-ml?src=https%3A%2F%2Feggyolk.chaldal.com%2Fapi%2FPicture%2FRaw%3FpictureId%3D131120&q=best&v=1', 'https://chaldn.com/_mpimage/dettol-skincare-bodywash-rose-sakura-blossom-free-loofah-250-ml?src=https%3A%2F%2Feggyolk.chaldal.com%2Fapi%2FPicture%2FRaw%3FpictureId%3D131121&q=best&v=1', 'https://chaldn.com/_mpimage/dettol-skincare-bodywash-rose-sakura-blossom-free-loofah-250-ml?src=https%3A%2F%2Feggyolk.chaldal.com%2Fapi%2FPicture%2FRaw%3FpictureId%3D131122&q=best&v=1', 'https://chaldn.com/_mpimage/dettol-skincare-bodywash-rose-sakura-blossom-free-loofah-250-ml?src=https%3A%2F%2Feggyolk.chaldal.com%2Fapi%2FPicture%2FRaw%3FpictureId%3D131123&q=best&v=1', 'https://chaldn.com/_mpimage/dettol-skincare-bodywash-rose-sakura-blossom-free-loofah-250-ml?src=https%3A%2F%2Feggyolk.chaldal.com%2Fapi%2FPicture%2FRaw%3FpictureId%3D131124&q=best&v=1', 'https://chaldn.com/_mpimage/dettol-skincare-bodywash-rose-sakura-blossom-free-loofah-250-ml?src=https%3A%2F%2Feggyolk.chaldal.com%2Fapi%2FPicture%2FRaw%3FpictureId%3D131125&q=best&v=1']",['https://chaldn.com/_mpimage?src=https%3A%2F%2Feggyolk.chaldal.com%2Fapi%2FPicture%2FRaw%3FpictureId%3D153365&q=low&v=1'],"[1610, 1494, 30, 1639, 1495, 30]","[1610, 1639]","[398, 399, 420, 421, 458, 459, 494, 144, 281, 295, 388]",0,[],1,Grocery,"[{'Quantity': 1, 'EarliestAvailableTime': {'UnixTimeMilliseconds': 1717777955693, 'Offset': 360.0}, 'EarliestAvailableTimeOfDay': None, 'AvailabilityCutOffTimeOfDay': None}, {'Quantity': 258, 'EarliestAvailableTime': {'UnixTimeMilliseconds': 1717907400000, 'Offset': 360.0}, 'AvailabilityExpiryTime': {'UnixTimeMilliseconds': 1717864200000, 'Offset': 360.0}, 'EarliestAvailableTimeOfDay': None, 'AvailabilityCutOffTimeOfDay': None}]"
8,হারপিক টয়লেট ও বাথরুম ক্লিনার লিকুইড (ফ্রী মগ) ১.২৫ লিটার,23893,Harpic Toilet & Bathroom Cleaner Liquid (Free Mug) 1.25 ltr,Harpic Toilet & Bathroom Cleaner Liquid (Free Mug),1.25 ltr,290.0,239.0,239.0,,"Highlights:
Harpic Manikjor Offer Includes Harpic Toilet Cleaner Liquid 750ml and Harpic Bathroom Cleaning Liquid Rose 500ml.
Removes tough stains from toilet
Leaves toilet sparkly Clean, hygienic and visibly neat 
Multipurpose Surface Bathroom Cleaner (Floor, Basin & Tiles)
Removes tough stains from bathroom and various surface areas
Gives a sparkling clean shine on bathroom surface
Kills 99.9% of germs on both toilet and bathroom
Description:
Harpic Manikjor Offer Includes Harpic Toilet Cleaner Liquid 750ml and Harpic Bathroom Cleaning Liquid Rose 500ml. Harpic is a complete cleaning solution for your toilet and bathroom. Harpic Toilet Cleaner Liquid 750ml cleans from the rim to the u bend, it cleans tough stains, kills 99.9% of the germs and leaves the bowl smelling fresh and sparkling clean. Harpic Bathroom Cleaning Liquid Rose 500ml is a strong bathroom disinfectant and cleaning liquid that helps remove the toughest of stains. Harpic Bathroom Cleaner can be used as a tile cleaner, basin cleaner or even for floor cleaning in the bathroom area. It also removes 99.9% of germs and gives your bathroom a pleasant fresh fragrance.
Usage Information: For Toilet, press Harpic Toilet Cleaner Liquid cap and twist to open, squeeze liquid around the toilet bowl and rim, leave for 5-10mins, finally scrub gently using a brush and flush.
For Bathroom, dilute 1.5 capful of Harpic Bathroom Cleaning Liquid in half bucket of water (4 Liters), apply on surface, leave for 5mins and then scrub gently. Lastly, rinse with water.
Use undiluted for tough stains by putting the liquid directly on stain/scrubber, scrub gently & rinse through.
Safety Measure: Always use Harpic separately. Do not mix with other products. This product is not edible and harmful for eyes and skin. Wash with water immediately in case of contact with Skin or Eyes and consult a doctor. Read label for detail.
About the Manufacturer: Harpic is a registered Trademark of Reckitt PLC headquartered in England. The first Harpic product was manufactured during 1920s in England. Harpic is the number 1 selling toilet cleaner in the world. Harpic products are made in Bangladesh by Reckitt (Bangladesh) PLC.",harpic-toilet-bathroom-cleaner-liquid-manikjor-free-mug-125-ltr,0,"['https://chaldn.com/_mpimage/harpic-toilet-bathroom-cleaner-liquid-free-mug-125-ltr?src=https%3A%2F%2Feggyolk.chaldal.com%2Fapi%2FPicture%2FRaw%3FpictureId%3D133347&q=best&v=1', 'https://chaldn.com/_mpimage/harpic-toilet-bathroom-cleaner-liquid-free-mug-125-ltr?src=https%3A%2F%2Feggyolk.chaldal.com%2Fapi%2FPicture%2FRaw%3FpictureId%3D128133&q=best&v=1', 'https://chaldn.com/_mpimage/harpic-toilet-bathroom-cleaner-liquid-free-mug-125-ltr?src=https%3A%2F%2Feggyolk.chaldal.com%2Fapi%2FPicture%2FRaw%3FpictureId%3D128134&q=best&v=1', 'https://chaldn.com/_mpimage/harpic-toilet-bathroom-cleaner-liquid-free-mug-125-ltr?src=https%3A%2F%2Feggyolk.chaldal.com%2Fapi%2FPicture%2FRaw%3FpictureId%3D128135&q=best&v=1', 'https://chaldn.com/_mpimage/harpic-toilet-bathroom-cleaner-liquid-free-mug-125-ltr?src=https%3A%2F%2Feggyolk.chaldal.com%2Fapi%2FPicture%2FRaw%3FpictureId%3D128136&q=best&v=1', 'https://chaldn.com/_mpimage/harpic-toilet-bathroom-cleaner-liquid-free-mug-125-ltr?src=https%3A%2F%2Feggyolk.chaldal.com%2Fapi%2FPicture%2FRaw%3FpictureId%3D128137&q=best&v=1', 'https://chaldn.com/_mpimage/harpic-toilet-bathroom-cleaner-liquid-free-mug-125-ltr?src=https%3A%2F%2Feggyolk.chaldal.com%2Fapi%2FPicture%2FRaw%3FpictureId%3D128138&q=best&v=1', 'https://chaldn.com/_mpimage/harpic-toilet-bathroom-cleaner-liquid-free-mug-125-ltr?src=https%3A%2F%2Feggyolk.chaldal.com%2Fapi%2FPicture%2FRaw%3FpictureId%3D128139&q=best&v=1', 'https://chaldn.com/_mpimage/harpic-toilet-bathroom-cleaner-liquid-free-mug-125-ltr?src=https%3A%2F%2Feggyolk.chaldal.com%2Fapi%2FPicture%2FRaw%3FpictureId%3D128140&q=best&v=1', 'https://chaldn.com/_mpimage/harpic-toilet-bathroom-cleaner-liquid-free-mug-125-ltr?src=https%3A%2F%2Feggyolk.chaldal.com%2Fapi%2FPicture%2FRaw%3FpictureId%3D128141&q=best&v=1']",['https://chaldn.com/_mpimage?src=https%3A%2F%2Feggyolk.chaldal.com%2Fapi%2FPicture%2FRaw%3FpictureId%3D149536&q=low&v=1'],"[84, 81]",[84],"[416, 420, 422, 462, 494, 362, 364, 144, 257, 277, 278, 279, 281, 287, 335]",0,[],1,Grocery,"[{'Quantity': 3, 'EarliestAvailableTime': {'UnixTimeMilliseconds': 1717777955693, 'Offset': 360.0}, 'EarliestAvailableTimeOfDay': None, 'AvailabilityCutOffTimeOfDay': None}, {'Quantity': 138, 'EarliestAvailableTime': {'UnixTimeMilliseconds': 1717907400000, 'Offset': 360.0}, 'AvailabilityExpiryTime': {'UnixTimeMilliseconds': 1717864200000, 'Offset': 360.0}, 'EarliestAvailableTimeOfDay': None, 'AvailabilityCutOffTimeOfDay': None}]"
9,ট্রিক্স ডিশ ওয়াশিং লিকুইড লেবু (ফ্রি স্ক্রাবার) ১ লিটার,37084,Trix Dishwashing Liquid Lemon (Free Scrubber) 1 ltr,Trix Dishwashing Liquid Lemon (Free Scrubber),1 ltr,270.0,270.0,270.0,,"
●Dishwashing Liquid : Makes dishwashing as easy and effortless as it can be
●Removes grease stains and unseen food residue from the dishes 
●Available Variant : Lemon; Available Sizes : 5 Litre Refill pack, 1Litre bottle, 500 ml bottle & 250ml Refill Pack
Description
Trix gives you scratch-free sparkling clean dishes. It’s power-rich thick foam quickly works through the grease stains and unseen food residue bringing your dishes to their incredible best; fresh, shiny & sparking clean! With the trusted dishwashing liquid Trix at your side, dishwashing becomes as easy and effortless as it can be. So make your everyday dishwash a Trix dishwash!
Usage Information: To clean few dishes, pour 1 teaspoon of Trix dishwashing liquid in one cup of water. Then soak a sponge in the water and wash the dishes. To clean several dishes, pour 3 teaspoon of Trix dishwashing liquid on 5 Ltr. of water. Dip the dishes in the water for 5 minutes. Use a sponge or soft cloth to wipe them clean. 
About the Manufacturer: Trix is a brand of Reckitt Benckiser Bangladesh Limited which is manufactured and marketed in Bangladesh.
",trix-dishwashing-liquid-lemon-free-scrubber-1-ltr,0,"['https://chaldn.com/_mpimage/trix-dishwashing-liquid-lemon-free-scrubber-1-ltr?src=https%3A%2F%2Feggyolk.chaldal.com%2Fapi%2FPicture%2FRaw%3FpictureId%3D126455&q=best&v=1', 'https://chaldn.com/_mpimage/trix-dishwashing-liquid-lemon-free-scrubber-1-ltr?src=https%3A%2F%2Feggyolk.chaldal.com%2Fapi%2FPicture%2FRaw%3FpictureId%3D126048&q=best&v=1', 'https://chaldn.com/_mpimage/trix-dishwashing-liquid-lemon-free-scrubber-1-ltr?src=https%3A%2F%2Feggyolk.chaldal.com%2Fapi%2FPicture%2FRaw%3FpictureId%3D126049&q=best&v=1', 'https://chaldn.com/_mpimage/trix-dishwashing-liquid-lemon-free-scrubber-1-ltr?src=https%3A%2F%2Feggyolk.chaldal.com%2Fapi%2FPicture%2FRaw%3FpictureId%3D126051&q=best&v=1', 'https://chaldn.com/_mpimage/trix-dishwashing-liquid-lemon-free-scrubber-1-ltr?src=https%3A%2F%2Feggyolk.chaldal.com%2Fapi%2FPicture%2FRaw%3FpictureId%3D126055&q=best&v=1', 'https://chaldn.com/_mpimage/trix-dishwashing-liquid-lemon-free-scrubber-1-ltr?src=https%3A%2F%2Feggyolk.chaldal.com%2Fapi%2FPicture%2FRaw%3FpictureId%3D126056&q=best&v=1', 'https://chaldn.com/_mpimage/trix-dishwashing-liquid-lemon-free-scrubber-1-ltr?src=https%3A%2F%2Feggyolk.chaldal.com%2Fapi%2FPicture%2FRaw%3FpictureId%3D126057&q=best&v=1', 'https://chaldn.com/_mpimage/trix-dishwashing-liquid-lemon-free-scrubber-1-ltr?src=https%3A%2F%2Feggyolk.chaldal.com%2Fapi%2FPicture%2FRaw%3FpictureId%3D126058&q=best&v=1']",['https://chaldn.com/_mpimage?src=https%3A%2F%2Feggyolk.chaldal.com%2Fapi%2FPicture%2FRaw%3FpictureId%3D149096&q=low&v=1'],"[83, 81, 238]","[83, 238]","[461, 494, 144, 257, 281]",0,[],1,Grocery,"[{'Quantity': 11, 'EarliestAvailableTime': {'UnixTimeMilliseconds': 1717777955693, 'Offset': 360.0}, 'EarliestAvailableTimeOfDay': None, 'AvailabilityCutOffTimeOfDay': None}, {'Quantity': 334, 'EarliestAvailableTime': {'UnixTimeMilliseconds': 1717907400000, 'Offset': 360.0}, 'AvailabilityExpiryTime': {'UnixTimeMilliseconds': 1717864200000, 'Offset': 360.0}, 'EarliestAvailableTimeOfDay': None, 'AvailabilityCutOffTimeOfDay': None}]"
10,হারপিক ফ্লাশমেটিক মেরিন ইন-সিস্টার্ন টয়লেট ক্লিনার ব্লক ৫০ গ্রাম ২ টি,14167,Harpic Flushmatic Marine In-Cistern Toilet Cleaner Blocks 50 gm 2 pcs,Harpic Flushmatic Marine In-Cistern Toilet Cleaner Blocks 50 gm,2 pcs,300.0,249.0,249.0,,"Harpic Flushmatic Toilet Cleaning In-Cistern Block is a drop-in tank tablet which can be used for any accessible cistern. It works by creating strong foam every time you flush the toilet, which helps to maintain the cleanliness & freshness in the toilet bowl.

Usage Direction: 1. Open It - Remove the block from the packet. Do not remove the plastic covering. 2. Drop It - Drop block into the cistern/tank but away from the water inlet. 3. Flush It - To activate, wait for 10 minutes before the first flush. 4. Forget It - Replace the block when the colour disappears.",harpic-flushmatic-marine-in-cistern-toilet-cleaner-blocks-50-gm-2-pcs,0,"['https://chaldn.com/_mpimage/harpic-flushmatic-marine-in-cistern-toilet-cleaner-blocks-50-gm-2-pcs?src=https%3A%2F%2Feggyolk.chaldal.com%2Fapi%2FPicture%2FRaw%3FpictureId%3D132773&q=best&v=1', 'https://chaldn.com/_mpimage/harpic-flushmatic-marine-in-cistern-toilet-cleaner-blocks-100-gm-1-pcs?src=https%3A%2F%2Feggyolk.chaldal.com%2Fapi%2FPicture%2FRaw%3FpictureId%3D133184&q=best&v=1', 'https://chaldn.com/_mpimage/harpic-flushmatic-marine-in-cistern-toilet-cleaner-blocks-100-gm-1-pcs?src=https%3A%2F%2Feggyolk.chaldal.com%2Fapi%2FPicture%2FRaw%3FpictureId%3D133185&q=best&v=1', 'https://chaldn.com/_mpimage/harpic-flushmatic-marine-in-cistern-toilet-cleaner-blocks-100-gm-1-pcs?src=https%3A%2F%2Feggyolk.chaldal.com%2Fapi%2FPicture%2FRaw%3FpictureId%3D133186&q=best&v=1', 'https://chaldn.com/_mpimage/harpic-flushmatic-marine-in-cistern-toilet-cleaner-blocks-100-gm-1-pcs?src=https%3A%2F%2Feggyolk.chaldal.com%2Fapi%2FPicture%2FRaw%3FpictureId%3D133187&q=best&v=1', 'https://chaldn.com/_mpimage/harpic-flushmatic-marine-in-cistern-toilet-cleaner-blocks-100-gm-1-pcs?src=https%3A%2F%2Feggyolk.chaldal.com%2Fapi%2FPicture%2FRaw%3FpictureId%3D133188&q=best&v=1', 'https://chaldn.com/_mpimage/harpic-flushmatic-marine-in-cistern-toilet-cleaner-blocks-100-gm-1-pcs?src=https%3A%2F%2Feggyolk.chaldal.com%2Fapi%2FPicture%2FRaw%3FpictureId%3D133189&q=best&v=1']",['https://chaldn.com/_mpimage?src=https%3A%2F%2Feggyolk.chaldal.com%2Fapi%2FPicture%2FRaw%3FpictureId%3D154817&q=low&v=1'],"[84, 81]",[84],"[391, 416, 462, 494, 538, 144, 362]",0,[],1,Grocery,"[{'Quantity': 5, 'EarliestAvailableTime': {'UnixTimeMilliseconds': 1717777955693, 'Offset': 360.0}, 'EarliestAvailableTimeOfDay': None, 'AvailabilityCutOffTimeOfDay': None}, {'Quantity': 12, 'EarliestAvailableTime': {'UnixTimeMilliseconds': 1717907400000, 'Offset': 360.0}, 'AvailabilityExpiryTime': {'UnixTimeMilliseconds': 1717864200000, 'Offset': 360.0}, 'EarliestAvailableTimeOfDay': None, 'AvailabilityCutOffTimeOfDay': None}, {'Quantity': 50, 'EarliestAvailableTime': {'UnixTimeMilliseconds': 1717815600000, 'Offset': 360.0}, 'AvailabilityExpiryTime': {'UnixTimeMilliseconds': 1717860600000, 'Offset': 360.0}, 'EarliestAvailableTimeOfDay': 540.0, 'AvailabilityCutOffTimeOfDay': 1350.0}]"
11,কেলগ'স কর্ণ ফ্লেক্স অরিজিনাল সিরিয়াল (১ টি কিনলে ১ টি ফ্রি) ৪৭৫ গ্রাম,41008,Kellogg's Corn Flakes Original Cereal (Buy 1 Get 1 Free) 475 gm,Kellogg's Corn Flakes Original Cereal (Buy 1 Get 1 Free),475 gm,590.0,590.0,590.0,,"Origin: India                          Kellogg's Corn Flakes is a nourishing and tasty ready-to-eat breakfast cereal which is High in Iron, Vitamin C and key essential B group Vitamins such as B1, B2, B3, B6, B12 and Folate. Kellogg's Corn Flakes Original is naturally cholesterol free. It contains only 1% Fat. You can count on Kellogg's for a great tasting and convenient breakfast that is nourishing.",kelloggs-corn-flakes-original-cereal-buy-1-get-1-free-475-gm,0,"['https://chaldn.com/_mpimage/kelloggs-corn-flakes-original-cereal-buy-1-get-1-free-475-gm?src=https%3A%2F%2Feggyolk.chaldal.com%2Fapi%2FPicture%2FRaw%3FpictureId%3D141677&q=best&v=1', 'https://chaldn.com/_mpimage/kelloggs-corn-flakes-original-breakfast-cereal-buy-1-get-1-free-475-gm?src=https%3A%2F%2Feggyolk.chaldal.com%2Fapi%2FPicture%2FRaw%3FpictureId%3D141678&q=best&v=1', 'https://chaldn.com/_mpimage/kelloggs-corn-flakes-original-breakfast-cereal-buy-1-get-1-free-475-gm?src=https%3A%2F%2Feggyolk.chaldal.com%2Fapi%2FPicture%2FRaw%3FpictureId%3D141679&q=best&v=1', 'https://chaldn.com/_mpimage/kelloggs-corn-flakes-original-breakfast-cereal-buy-1-get-1-free-475-gm?src=https%3A%2F%2Feggyolk.chaldal.com%2Fapi%2FPicture%2FRaw%3FpictureId%3D141680&q=best&v=1', 'https://chaldn.com/_mpimage/kelloggs-corn-flakes-original-breakfast-cereal-buy-1-get-1-free-475-gm?src=https%3A%2F%2Feggyolk.chaldal.com%2Fapi%2FPicture%2FRaw%3FpictureId%3D141681&q=best&v=1', 'https://chaldn.com/_mpimage/kelloggs-corn-flakes-original-breakfast-cereal-buy-1-get-1-free-475-gm?src=https%3A%2F%2Feggyolk.chaldal.com%2Fapi%2FPicture%2FRaw%3FpictureId%3D141682&q=best&v=1', 'https://chaldn.com/_mpimage/kelloggs-corn-flakes-original-breakfast-cereal-buy-1-get-1-free-475-gm?src=https%3A%2F%2Feggyolk.chaldal.com%2Fapi%2FPicture%2FRaw%3FpictureId%3D141683&q=best&v=1']",['https://chaldn.com/_mpimage?src=https%3A%2F%2Feggyolk.chaldal.com%2Fapi%2FPicture%2FRaw%3FpictureId%3D157544&q=low&v=1'],"[16, 14, 2]",[16],[527],0,[],1,Grocery,"[{'Quantity': 10, 'EarliestAvailableTime': {'UnixTimeMilliseconds': 1717777955693, 'Offset': 360.0}, 'EarliestAvailableTimeOfDay': None, 'AvailabilityCutOffTimeOfDay': None}, {'Quantity': 60, 'EarliestAvailableTime': {'UnixTimeMilliseconds': 1717907400000, 'Offset': 360.0}, 'AvailabilityExpiryTime': {'UnixTimeMilliseconds': 1717864200000, 'Offset': 360.0}, 'EarliestAvailableTimeOfDay': None, 'AvailabilityCutOffTimeOfDay': None}]"
12,হারপিক ফ্লাশমেটিক সাইট্রাস ইন-সিস্টার্ন টয়লেট ক্লিনার ব্লক ৫০ গ্রাম ২ টি,39596,Harpic Flushmatic Citrus In-Cistern Toilet Cleaner Blocks 50 gm 2 pcs,Harpic Flushmatic Citrus In-Cistern Toilet Cleaner Blocks 50 gm,2 pcs,300.0,249.0,249.0,,"Harpic Flushmatic Toilet Cleaning In-Cistern Block is a drop-in tank tablet which can be used for any accessible cistern. It works by creating strong foam every time you flush the toilet, which helps to maintain the cleanliness & freshness in the toilet bowl.

Usage Direction: 1. Open It - Remove the block from the packet. Do not remove the plastic covering. 2. Drop It - Drop block into the cistern/tank but away from the water inlet. 3. Flush It - To activate, wait for 10 minutes before the first flush. 4. Forget It - Replace the block when the colour disappears.",harpic-flushmatic-citrus-in-cistern-toilet-cleaner-blocks-50-gm-2-pcs,0,"['https://chaldn.com/_mpimage/harpic-flushmatic-citrus-in-cistern-toilet-cleaner-blocks-50-gm-2-pcs?src=https%3A%2F%2Feggyolk.chaldal.com%2Fapi%2FPicture%2FRaw%3FpictureId%3D137156&q=best&v=1', 'https://chaldn.com/_mpimage/harpic-flush-matic-citrus-in-cistern-toilet-cleaner-blocks-50-gm-2-pcs?src=https%3A%2F%2Feggyolk.chaldal.com%2Fapi%2FPicture%2FRaw%3FpictureId%3D137157&q=best&v=1', 'https://chaldn.com/_mpimage/harpic-flush-matic-citrus-in-cistern-toilet-cleaner-blocks-50-gm-2-pcs?src=https%3A%2F%2Feggyolk.chaldal.com%2Fapi%2FPicture%2FRaw%3FpictureId%3D137158&q=best&v=1', 'https://chaldn.com/_mpimage/harpic-flush-matic-citrus-in-cistern-toilet-cleaner-blocks-50-gm-2-pcs?src=https%3A%2F%2Feggyolk.chaldal.com%2Fapi%2FPicture%2FRaw%3FpictureId%3D137159&q=best&v=1', 'https://chaldn.com/_mpimage/harpic-flush-matic-citrus-in-cistern-toilet-cleaner-blocks-50-gm-2-pcs?src=https%3A%2F%2Feggyolk.chaldal.com%2Fapi%2FPicture%2FRaw%3FpictureId%3D137160&q=best&v=1', 'https://chaldn.com/_mpimage/harpic-flush-matic-citrus-in-cistern-toilet-cleaner-blocks-50-gm-2-pcs?src=https%3A%2F%2Feggyolk.chaldal.com%2Fapi%2FPicture%2FRaw%3FpictureId%3D137161&q=best&v=1']",['https://chaldn.com/_mpimage?src=https%3A%2F%2Feggyolk.chaldal.com%2Fapi%2FPicture%2FRaw%3FpictureId%3D157082&q=low&v=1'],"[84, 81]",[84],"[362, 462, 538, 144]",0,[],1,Grocery,"[{'Quantity': 4, 'EarliestAvailableTime': {'UnixTimeMilliseconds': 1717777955693, 'Offset': 360.0}, 'EarliestAvailableTimeOfDay': None, 'AvailabilityCutOffTimeOfDay': None}, {'Quantity': 44, 'EarliestAvailableTime': {'UnixTimeMilliseconds': 1717907400000, 'Offset': 360.0}, 'AvailabilityExpiryTime': {'UnixTimeMilliseconds': 1717864200000, 'Offset': 360.0}, 'EarliestAvailableTimeOfDay': None, 'AvailabilityCutOffTimeOfDay': None}]"
13,"ডেটল সোপ বাথিং বার কম্বো প্যাক (অরিজিনাল, স্কিনকেয়ার, কুল এ্যান্ড ফ্রেশ) ৭৫ গ্রাম ৪ টি",38416,"Dettol Soap Bathing Bar Combo Pack (Original, Skincare, Cool & Fresh) 75 gm 4 pcs","Dettol Soap Bathing Bar Combo Pack (Original, Skincare, Cool & Fresh) 75 gm",4 pcs,240.0,209.0,209.0,,"Highlights
•        Dettol Soap Combo Pack of 4 contains 1 pc Original, 1 pc Skincare, 1 pc Cool and 1 pc Fresh 75gm Soap
•        Dettol Original Soap protects from up to 100 illness causing germs
•        Dettol Skincare Soap comes with nourishing moisturizer
•        Dettol Cool Soap gives upto 5°C Cooler Sensation
•        Dettol Fresh Soap contains refreshing citrus fragrance & gives odour protection with every wash
•        Dettol is recommended by Bangladesh Private Medical Practitioners Association (BPMPA)
Description
Dettol Soap Combo Pack comes with 4 variants of 75gm of soaps ranging from Original, Skincare, Cool & Fresh in the bundle. Everyday protection against a wide range of unseen germs. Be 100% sure. Get Dettol's trusted protection from a wide range of unseen germs. Dettol is recommended by Bangladesh Private Medical Practitioners Association (BPMPA). Available in Original, Cool, Skincare, Aloe Vera & Fresh variants.
Usage Information: Remove the wrapper and wet the soap, rub your palms together until soap is bubbly, apply soap over the entire body avoiding eye areas. Lastly, rinse yourself with water and dry up.
Safety Measure: This product is not edible. Keep away from eye area, rinse thoroughly if contacted. Consult a doctor immediately looking into the severity of the discomfort. Read label for detail.
About the Manufacturer: Dettol & Sword devices are registered trademark of Reckitt PLC. Dettol is protecting health for over 80 years and is used 2 billion times each day in over 124 countries. Dettol Soaps in Bangladesh is manufactured and marketed by Reckitt Bangladesh PLC.",dettol-soap-bathing-bar-combo-pack-original-skincare-cool-fresh-75-gm-4-pcs,0,"['https://chaldn.com/_mpimage/dettol-soap-bathing-bar-combo-pack-original-skincare-cool-fresh-75-gm-4-pcs?src=https%3A%2F%2Feggyolk.chaldal.com%2Fapi%2FPicture%2FRaw%3FpictureId%3D154708&q=best&v=1', 'https://chaldn.com/_mpimage/dettol-bathing-soap-bar-combo-pack-original-skincare-cool-fresh-75-gm-4-pcs?src=https%3A%2F%2Feggyolk.chaldal.com%2Fapi%2FPicture%2FRaw%3FpictureId%3D152887&q=best&v=1', 'https://chaldn.com/_mpimage/dettol-bathing-soap-bar-combo-pack-original-skincare-cool-fresh-75-gm-4-pcs?src=https%3A%2F%2Feggyolk.chaldal.com%2Fapi%2FPicture%2FRaw%3FpictureId%3D152888&q=best&v=1', 'https://chaldn.com/_mpimage/dettol-bathing-soap-bar-combo-pack-original-skincare-cool-fresh-75-gm-4-pcs?src=https%3A%2F%2Feggyolk.chaldal.com%2Fapi%2FPicture%2FRaw%3FpictureId%3D152889&q=best&v=1', 'https://chaldn.com/_mpimage/dettol-bathing-soap-bar-combo-pack-original-skincare-cool-fresh-75-gm-4-pcs?src=https%3A%2F%2Feggyolk.chaldal.com%2Fapi%2FPicture%2FRaw%3FpictureId%3D152890&q=best&v=1', 'https://chaldn.com/_mpimage/dettol-bathing-soap-bar-combo-pack-original-skincare-cool-fresh-75-gm-4-pcs?src=https%3A%2F%2Feggyolk.chaldal.com%2Fapi%2FPicture%2FRaw%3FpictureId%3D152891&q=best&v=1', 'https://chaldn.com/_mpimage/dettol-bathing-soap-bar-combo-pack-original-skincare-cool-fresh-75-gm-4-pcs?src=https%3A%2F%2Feggyolk.chaldal.com%2Fapi%2FPicture%2FRaw%3FpictureId%3D152892&q=best&v=1', 'https://chaldn.com/_mpimage/dettol-bathing-soap-bar-combo-pack-original-skincare-cool-fresh-75-gm-4-pcs?src=https%3A%2F%2Feggyolk.chaldal.com%2Fapi%2FPicture%2FRaw%3FpictureId%3D152895&q=best&v=1']",['https://chaldn.com/_mpimage?src=https%3A%2F%2Feggyolk.chaldal.com%2Fapi%2FPicture%2FRaw%3FpictureId%3D154754&q=low&v=1'],"[1506, 1620, 1698, 30]","[1506, 1620]","[362, 459, 144]",0,[],1,Grocery,"[{'Quantity': 2, 'EarliestAvailableTime': {'UnixTimeMilliseconds': 1717777955693, 'Offset': 360.0}, 'EarliestAvailableTimeOfDay': None, 'AvailabilityCutOffTimeOfDay': None}, {'Quantity': 936, 'EarliestAvailableTime': {'UnixTimeMilliseconds': 1717907400000, 'Offset': 360.0}, 'AvailabilityExpiryTime': {'UnixTimeMilliseconds': 1717864200000, 'Offset': 360.0}, 'EarliestAvailableTimeOfDay': None, 'AvailabilityCutOffTimeOfDay': None}]"
14,হারপিক লিকুইড টয়লেট ক্লিনার ৭৫০ মিলি এ্যান্ড লাইজল সাইট্রাস ফ্লোর ক্লিনার ৫০০ মিলি (কম্বো অফার) ২ টি,16415,Harpic Liquid Toilet Cleaner 750 ml & Lizol Citrus Floor Cleaner 500 ml (Combo Offer) 2 pcs,Harpic Liquid Toilet Cleaner 750 ml & Lizol Citrus Floor Cleaner 500 ml (Combo Offer),2 pcs,320.0,279.0,279.0,,"Highlights
● Harpic Lizol Double Protection Offer includes Harpic Toilet Cleaner Liquid 750ml and Lizol Floor Cleaner Disinfectant Surface Cleaner Citrus 500ml.
● Removes tough stains from toilet
● Leaves toilet sparkly Clean, hygienic and visibly neat 
● Kills 99.9% of germs on toilet
● Disinfectant Surface Cleaner: Removes powerful stains & kills 99.9% germs of all surfaces
● Use directly or diluted for regular use, Suitable for cleaning all kinds of surfaces with Lizol.
● Leaves a pleasant fragrance after a wipe with Lizol
Description
Harpic Lizol Double Protection Offer includes Harpic Toilet Cleaner Liquid 750ml and Lizol Floor Cleaner Disinfectant Surface Cleaner Citrus 500ml.
Harpic Toilet Cleaner Liquid 750ml cleans from the rim to the u bend, it cleans tough stains, kills 99.9% of the germs and leaves the bowl smelling fresh and sparkling clean.
Exclusively formulated Lizol Floor Cleaner Disinfectant Surface Cleaner Citrus 500ml gives your home 10x better cleaning and germ kill than phenyl & detergents. It kills virus and 99.9% germs, removes tough stains from surfaces & leaves your home with pleasant fragrance.  Lizol is safe to use on all surfaces like Ceramic, Marble Granite, Mosaic.
Usage Information: For toilet, press Harpic Toilet Cleaner Liquid cap and twist to open, squeeze liquid around the toilet bowl and rim, leave for 5-10mins, finally scrub gently using a brush and flush.
For Floor/Surface, Mix 1 cap Lizol with water (half bucket) for cleaning home & bathroom surfaces. For kitchen, use Lizol directly without diluting with water. 
Safety Measure: This product is not edible. Consult a doctor immediately if consumed or directly contacted with eyes or skin. Read label for detail.
About the Manufacturer: Harpic is a registered Trademark of Reckitt PLC headquartered in England. The first Harpic product was manufactured during 1920s in England. Harpic is the number 1 selling toilet cleaner in the world. Harpic products are made in Bangladesh by Reckitt (Bangladesh) PLC.
Lizol & Lysol are brands of Reckitt PLC. Lizol products are manufactured and marketed in Bangladesh by Reckitt Bangladesh PLC.",harpic-liquid-toilet-cleaner-750-ml-lizol-citrus-floor-cleaner-500-ml-combo-offer-2-pcs-3,0,"['https://chaldn.com/_mpimage/harpic-liquid-toilet-cleaner-750-ml-lizol-citrus-floor-cleaner-500-ml-combo-offer-2-pcs?src=https%3A%2F%2Feggyolk.chaldal.com%2Fapi%2FPicture%2FRaw%3FpictureId%3D133361&q=best&v=1', 'https://chaldn.com/_mpimage/harpic-liquid-toilet-cleaner-750-ml-lizol-citrus-floor-cleaner-500-ml-combo-offer-2-pcs?src=https%3A%2F%2Feggyolk.chaldal.com%2Fapi%2FPicture%2FRaw%3FpictureId%3D128112&q=best&v=1', 'https://chaldn.com/_mpimage/harpic-liquid-toilet-cleaner-750-ml-lizol-citrus-floor-cleaner-500-ml-combo-offer-2-pcs?src=https%3A%2F%2Feggyolk.chaldal.com%2Fapi%2FPicture%2FRaw%3FpictureId%3D128113&q=best&v=1', 'https://chaldn.com/_mpimage/harpic-liquid-toilet-cleaner-750-ml-lizol-citrus-floor-cleaner-500-ml-combo-offer-2-pcs?src=https%3A%2F%2Feggyolk.chaldal.com%2Fapi%2FPicture%2FRaw%3FpictureId%3D128114&q=best&v=1', 'https://chaldn.com/_mpimage/harpic-liquid-toilet-cleaner-750-ml-lizol-citrus-floor-cleaner-500-ml-combo-offer-2-pcs?src=https%3A%2F%2Feggyolk.chaldal.com%2Fapi%2FPicture%2FRaw%3FpictureId%3D128115&q=best&v=1', 'https://chaldn.com/_mpimage/harpic-liquid-toilet-cleaner-750-ml-lizol-citrus-floor-cleaner-500-ml-combo-offer-2-pcs?src=https%3A%2F%2Feggyolk.chaldal.com%2Fapi%2FPicture%2FRaw%3FpictureId%3D128116&q=best&v=1', 'https://chaldn.com/_mpimage/harpic-liquid-toilet-cleaner-750-ml-lizol-citrus-floor-cleaner-500-ml-combo-offer-2-pcs?src=https%3A%2F%2Feggyolk.chaldal.com%2Fapi%2FPicture%2FRaw%3FpictureId%3D128117&q=best&v=1', 'https://chaldn.com/_mpimage/harpic-liquid-toilet-cleaner-750-ml-lizol-citrus-floor-cleaner-500-ml-combo-offer-2-pcs?src=https%3A%2F%2Feggyolk.chaldal.com%2Fapi%2FPicture%2FRaw%3FpictureId%3D128118&q=best&v=1', 'https://chaldn.com/_mpimage/harpic-liquid-toilet-cleaner-750-ml-lizol-citrus-floor-cleaner-500-ml-combo-offer-2-pcs?src=https%3A%2F%2Feggyolk.chaldal.com%2Fapi%2FPicture%2FRaw%3FpictureId%3D128119&q=best&v=1', 'https://chaldn.com/_mpimage/harpic-liquid-toilet-cleaner-750-ml-lizol-citrus-floor-cleaner-500-ml-combo-offer-2-pcs?src=https%3A%2F%2Feggyolk.chaldal.com%2Fapi%2FPicture%2FRaw%3FpictureId%3D128120&q=best&v=1', 'https://chaldn.com/_mpimage/harpic-liquid-toilet-cleaner-750-ml-lizol-citrus-floor-cleaner-500-ml-combo-offer-2-pcs?src=https%3A%2F%2Feggyolk.chaldal.com%2Fapi%2FPicture%2FRaw%3FpictureId%3D128121&q=best&v=1']",['https://chaldn.com/_mpimage?src=https%3A%2F%2Feggyolk.chaldal.com%2Fapi%2FPicture%2FRaw%3FpictureId%3D155912&q=low&v=1'],"[84, 81, 1542, 81]","[84, 1542]","[362, 416, 422, 462, 463, 494, 144, 335]",0,[],1,Grocery,"[{'Quantity': 9, 'EarliestAvailableTime': {'UnixTimeMilliseconds': 1717777955694, 'Offset': 360.0}, 'EarliestAvailableTimeOfDay': None, 'AvailabilityCutOffTimeOfDay': None}, {'Quantity': 10, 'EarliestAvailableTime': {'UnixTimeMilliseconds': 1717907400000, 'Offset': 360.0}, 'AvailabilityExpiryTime': {'UnixTimeMilliseconds': 1717864200000, 'Offset': 360.0}, 'EarliestAvailableTimeOfDay': None, 'AvailabilityCutOffTimeOfDay': None}, {'Quantity': 50, 'EarliestAvailableTime': {'UnixTimeMilliseconds': 1717815600000, 'Offset': 360.0}, 'AvailabilityExpiryTime': {'UnixTimeMilliseconds': 1717860600000, 'Offset': 360.0}, 'EarliestAvailableTimeOfDay': 540.0, 'AvailabilityCutOffTimeOfDay': 1350.0}]"
15,হারপিক ফ্লাশমেটিক মেরিন ইন-সিস্টার্ন টয়লেট ক্লিনার ব্লক ৫০ গ্রাম ৩ টি,39248,Harpic Flushmatic Marine In-Cistern Toilet Cleaner Blocks 50 gm 3 pcs,Harpic Flushmatic Marine In-Cistern Toilet Cleaner Blocks 50 gm,3 pcs,450.0,349.0,349.0,,"Harpic Flushmatic Toilet Cleaning In-Cistern Block is a drop-in tank tablet which can be used for any accessible cistern. It works by creating strong foam every time you flush the toilet, which helps to maintain the cleanliness & freshness in the toilet bowl.

Usage Direction: 1. Open It - Remove the block from the packet. Do not remove the plastic covering. 2. Drop It - Drop block into the cistern/tank but away from the water inlet. 3. Flush It - To activate, wait for 10 minutes before the first flush. 4. Forget It - Replace the block when the colour disappears.",harpic-flushmatic-marine-in-cistern-toilet-cleaner-blocks-50-gm-3-pcs,0,"['https://chaldn.com/_mpimage/harpic-flushmatic-marine-in-cistern-toilet-cleaner-blocks-50-gm-3-pcs?src=https%3A%2F%2Feggyolk.chaldal.com%2Fapi%2FPicture%2FRaw%3FpictureId%3D133555&q=best&v=1', 'https://chaldn.com/_mpimage/harpic-flushmatic-marine-in-cistern-toilet-cleaner-blocks-50-gm-3-pcs?src=https%3A%2F%2Feggyolk.chaldal.com%2Fapi%2FPicture%2FRaw%3FpictureId%3D133556&q=best&v=1', 'https://chaldn.com/_mpimage/harpic-flushmatic-marine-in-cistern-toilet-cleaner-blocks-50-gm-3-pcs?src=https%3A%2F%2Feggyolk.chaldal.com%2Fapi%2FPicture%2FRaw%3FpictureId%3D133557&q=best&v=1', 'https://chaldn.com/_mpimage/harpic-flushmatic-marine-in-cistern-toilet-cleaner-blocks-50-gm-3-pcs?src=https%3A%2F%2Feggyolk.chaldal.com%2Fapi%2FPicture%2FRaw%3FpictureId%3D133558&q=best&v=1', 'https://chaldn.com/_mpimage/harpic-flushmatic-marine-in-cistern-toilet-cleaner-blocks-50-gm-3-pcs?src=https%3A%2F%2Feggyolk.chaldal.com%2Fapi%2FPicture%2FRaw%3FpictureId%3D133559&q=best&v=1', 'https://chaldn.com/_mpimage/harpic-flushmatic-marine-in-cistern-toilet-cleaner-blocks-50-gm-3-pcs?src=https%3A%2F%2Feggyolk.chaldal.com%2Fapi%2FPicture%2FRaw%3FpictureId%3D133560&q=best&v=1']",['https://chaldn.com/_mpimage?src=https%3A%2F%2Feggyolk.chaldal.com%2Fapi%2FPicture%2FRaw%3FpictureId%3D157083&q=low&v=1'],"[84, 81]",[84],"[362, 538, 144, 462, 494]",0,[],1,Grocery,"[{'Quantity': 4, 'EarliestAvailableTime': {'UnixTimeMilliseconds': 1717907400000, 'Offset': 360.0}, 'AvailabilityExpiryTime': {'UnixTimeMilliseconds': 1717864200000, 'Offset': 360.0}, 'EarliestAvailableTimeOfDay': None, 'AvailabilityCutOffTimeOfDay': None}, {'Quantity': 50, 'EarliestAvailableTime': {'UnixTimeMilliseconds': 1717815600000, 'Offset': 360.0}, 'AvailabilityExpiryTime': {'UnixTimeMilliseconds': 1717860600000, 'Offset': 360.0}, 'EarliestAvailableTimeOfDay': 540.0, 'AvailabilityCutOffTimeOfDay': 1350.0}]"
16,ডেটল হ্যান্ডওয়াশ রি-এনার্জাইজ লিকুইড রিফিল ১৭০ মিলি কম্বো (ফ্রি টিফিন বক্স) ২ টি,38893,Dettol Handwash Re-Energize Liquid Refill 170 ml Combo (Free Tiffin Box) 2 pcs,Dettol Handwash Re-Energize Liquid Refill 170 ml Combo (Free Tiffin Box),2 pcs,150.0,150.0,150.0,,"Highlights:
Dettol Re-energize Liquid Handwash 170 ml Refill.
Protects from 100 illness causing germs. Tested under lab condition. 
Daily use of Dettol keeps your hand clean and germ free. 
Use Dettol Handwash for trusted everyday protection.
Recommended by Bangladesh Private Medical Practitioners Association (BPMPA)
With Zesty Mandarin
Description:
 Dettol Handwash provides everyday protection and protects from 100 illness causing germs as per standard testing protocol. Dettol Re-energize handwash contains zesty mandarin fragrance. Daily use of Dettol Handwash keeps your hand clean and germ free. Dettol Handwash Liquid is recommended by Bangladesh Private Medical Practitioners Association. 
Usage direction: Cut the refill pack along with the given line and pour the Liquid Handwash into an empty Dettol Liquid Handwash dispenser. Press nozzle to get a small amount of Dettol Liquid Handwash on wet hands. Rub hands together ensuring total coverage with lather. Rinse well with water and dry off.
Safety Direction: for external use only. Keep out of reach of children unless under adult supervision. Avoid contact with eyes. In case of contact with eyes rinse immediately with of water. If persistent irritation occurs, get medical attention. Not to be used on children under 3 years of age. Store in cool and dry place. 
About the manufacturer: Dettol Handwash is made in Bangladesh by Reckitt Benckiser Bangladesh PLC. Dettol is a registered Trademark of Reckitt Benckiser PLC headquartered in England. The first Dettol product was manufactured in the year 1932 in England. Dettol is now the world’s most trusted germ kill brand.",dettol-handwash-re-energize-refill-170-ml-combo-free-tiffin-box-2-pcs,0,"['https://chaldn.com/_mpimage/dettol-handwash-re-energize-liquid-refill-170-ml-combo-free-tiffin-box-2-pcs?src=https%3A%2F%2Feggyolk.chaldal.com%2Fapi%2FPicture%2FRaw%3FpictureId%3D156293&q=best&v=1', 'https://chaldn.com/_mpimage/dettol-handwash-re-energize-refill-170-ml-combo-free-tiffin-box-2-pcs?src=https%3A%2F%2Feggyolk.chaldal.com%2Fapi%2FPicture%2FRaw%3FpictureId%3D156287&q=best&v=1', 'https://chaldn.com/_mpimage/dettol-handwash-re-energize-refill-170-ml-combo-free-tiffin-box-2-pcs?src=https%3A%2F%2Feggyolk.chaldal.com%2Fapi%2FPicture%2FRaw%3FpictureId%3D156288&q=best&v=1', 'https://chaldn.com/_mpimage/dettol-handwash-re-energize-refill-170-ml-combo-free-tiffin-box-2-pcs?src=https%3A%2F%2Feggyolk.chaldal.com%2Fapi%2FPicture%2FRaw%3FpictureId%3D156289&q=best&v=1', 'https://chaldn.com/_mpimage/dettol-handwash-re-energize-refill-170-ml-combo-free-tiffin-box-2-pcs?src=https%3A%2F%2Feggyolk.chaldal.com%2Fapi%2FPicture%2FRaw%3FpictureId%3D156290&q=best&v=1', 'https://chaldn.com/_mpimage/dettol-handwash-re-energize-refill-170-ml-combo-free-tiffin-box-2-pcs?src=https%3A%2F%2Feggyolk.chaldal.com%2Fapi%2FPicture%2FRaw%3FpictureId%3D156291&q=best&v=1']",['https://chaldn.com/_mpimage?src=https%3A%2F%2Feggyolk.chaldal.com%2Fapi%2FPicture%2FRaw%3FpictureId%3D158177&q=low&v=1'],"[238, 1638, 40, 30]","[238, 1638]","[458, 459, 281, 457]",0,[],1,Grocery,"[{'Quantity': 936, 'EarliestAvailableTime': {'UnixTimeMilliseconds': 1717907400000, 'Offset': 360.0}, 'AvailabilityExpiryTime': {'UnixTimeMilliseconds': 1717864200000, 'Offset': 360.0}, 'EarliestAvailableTimeOfDay': None, 'AvailabilityCutOffTimeOfDay': None}]"
17,ডেটল সোপ বার স্কিনকেয়ার উইথ ময়েশ্চারাইজার ৭৫ গ্রাম (ফ্রি সোপ কেস ১ টি) ২ টি,42180,Dettol Soap Bar Skincare With Moisturizer 75 gm (Free Soap Case 1 pcs) 2 pcs,Dettol Soap Bar Skincare With Moisturizer 75 gm (Free Soap Case 1 pcs),2 pcs,120.0,120.0,120.0,,"Highlights
•	Dettol Skincare Soap comes with nourishing moisturizer
•	Dettol Skincare Soap protects from 99.9% illness causing germs
•	Dettol Skincare Soap is a Grade 1 Soap- providing the best value for your purchase
•	Recommended by Doctors of Bangladesh Private Medical Practitioners Association (BPMPA)
Description
Dettol soap Skincare bathing bar soap is a Grade-1 soap. It comes with moisturizers. It cleanses and protects your skin for a hygienic clean and healthy, refreshing feeling every day. Be 100% sure. Get Dettol's trusted protection from a wide range of unseen germs. Dettol is recommended by Bangladesh Private Medical Practitioners Association (BPMPA). Available in Original, Cool, Skincare, Aloe Vera & Fresh variants.
Usage Information: Remove the wrapper and wet the soap, rub your palms together until soap is bubbly, apply soap over the entire body avoiding eye areas. Lastly, rinse yourself with water and dry up.
Safety Measure: This product is not edible. Keep away from eye area, rinse thoroughly if contacted. Consult a doctor immediately looking into the severity of the discomfort. Read label for detail.
About the Manufacturer: Dettol & Sword devices are registered trademark of Reckitt PLC. Dettol is protecting health for over 80 years and is used 2 billion times each day in over 124 countries. Dettol Soaps in Bangladesh is manufactured and marketed by Reckitt Bangladesh PLC.",dettol-soap-bar-skincare-with-moisturizer-75-gm-free-soap-case-1-pcs-2-pcs,0,"['https://chaldn.com/_mpimage/dettol-soap-bar-skincare-with-moisturizer-75-gm-free-soap-case-1-pcs-2-pcs?src=https%3A%2F%2Feggyolk.chaldal.com%2Fapi%2FPicture%2FRaw%3FpictureId%3D154332&q=best&v=1', 'https://chaldn.com/_mpimage/dettol-soap-bar-skincare-with-moisturizer-75-gm-free-soap-case-1-pcs-2-pcs?src=https%3A%2F%2Feggyolk.chaldal.com%2Fapi%2FPicture%2FRaw%3FpictureId%3D152897&q=best&v=1', 'https://chaldn.com/_mpimage/dettol-soap-bar-skincare-with-moisturizer-75-gm-free-soap-case-1-pcs-2-pcs?src=https%3A%2F%2Feggyolk.chaldal.com%2Fapi%2FPicture%2FRaw%3FpictureId%3D152898&q=best&v=1', 'https://chaldn.com/_mpimage/dettol-soap-bar-skincare-with-moisturizer-75-gm-free-soap-case-1-pcs-2-pcs?src=https%3A%2F%2Feggyolk.chaldal.com%2Fapi%2FPicture%2FRaw%3FpictureId%3D152899&q=best&v=1', 'https://chaldn.com/_mpimage/dettol-soap-bar-skincare-with-moisturizer-75-gm-free-soap-case-1-pcs-2-pcs?src=https%3A%2F%2Feggyolk.chaldal.com%2Fapi%2FPicture%2FRaw%3FpictureId%3D152900&q=best&v=1', 'https://chaldn.com/_mpimage/dettol-soap-bar-skincare-with-moisturizer-75-gm-free-soap-case-1-pcs-2-pcs?src=https%3A%2F%2Feggyolk.chaldal.com%2Fapi%2FPicture%2FRaw%3FpictureId%3D152901&q=best&v=1', 'https://chaldn.com/_mpimage/dettol-soap-bar-skincare-with-moisturizer-75-gm-free-soap-case-1-pcs-2-pcs?src=https%3A%2F%2Feggyolk.chaldal.com%2Fapi%2FPicture%2FRaw%3FpictureId%3D152902&q=best&v=1', 'https://chaldn.com/_mpimage/dettol-soap-bar-skincare-with-moisturizer-75-gm-free-soap-case-1-pcs-2-pcs?src=https%3A%2F%2Feggyolk.chaldal.com%2Fapi%2FPicture%2FRaw%3FpictureId%3D152903&q=best&v=1']",['https://chaldn.com/_mpimage?src=https%3A%2F%2Feggyolk.chaldal.com%2Fapi%2FPicture%2FRaw%3FpictureId%3D154705&q=low&v=1'],"[238, 1608, 1494, 30, 1636, 1495, 30]","[238, 1608, 1636]","[458, 459, 494, 144]",0,[],1,Grocery,"[{'Quantity': 401, 'EarliestAvailableTime': {'UnixTimeMilliseconds': 1717907400000, 'Offset': 360.0}, 'AvailabilityExpiryTime': {'UnixTimeMilliseconds': 1717864200000, 'Offset': 360.0}, 'EarliestAvailableTimeOfDay': None, 'AvailabilityCutOffTimeOfDay': None}]"
18,ভিট হেয়ার রিমুভাল ক্রিম নরমাল স্কিন কাকামবার এক্সট্র্যাক (ফ্রী ডেটল সোপ ২ টি) ২৫ গ্রাম ২ টি,47723,Veet Hair Removal Cream For Normal Skin Cucumber Extract (Free Dettol Soap 2 pcs) 25 gm 2 pcs,Veet Hair Removal Cream For Normal Skin Cucumber Extract (Free Dettol Soap 2 pcs) 25 gm,2 pcs,220.0,199.0,199.0,,"Highlights

● Your 5-minute salon: Get smooth, moisturized and exfoliated skin in just 3-6 minutes
● Freshest smell: No more ammonia smell, thanks to the removal of the ingredients causing it
● Removes shortest of hair: Removes short hair from legs, arms, underarms and bikini line
● Long-lasting smoothness: Enriched with cucumber extracts for long-lasting smoothness
● Safe on Skin: Dermatologically tested and leaves skin moisturized for up to 24 hours
● Easy to use: Comes with a spatula for easy application
● Available in 25gm, 50gm & 100gm

Description
Get the smooth skin and the freedom to wear any look, any time with Veet. Veet Pure Hair Removal Cream for Normal Skin, enriched with cucumber extracts, is the right solution when going to the salon is not an option. It effectively removes even short stubborn hair and leaves skin moisturized for up to 24 hours*. It can be used on legs, arms, bikini line and underarms for salon-like smoothness. Veet Pure Hair Removal Cream for Normal Skin gives you perfect hair removal results in just 3 to 6 minutes. Follow the steps mentioned on the pack using the spatula provided. Before using the product, please read pack precautions carefully. With regular use; get fewer, finer and softer hair growing back!

How to Use : 1) Apply a thick layer with spatula to fully coat the hair, do not rub it in; 2) Leave it on for 3 minutes** strictly not to be used beyond 6 minutes; 3) Remove with spatula & rinse with water thoroughly and then dry.

Safety Measures : Before every use, test your skin reaction by applying and removing the product over 5 sq cm of your skin on inner elbow. If after 24 hours, there is no adverse reaction, continue to use. If you experience any smarting/tingling during use, remove the product immediately and rinse thoroughly with cold water. If a burning sensation persists, seek medical advice. Always leave 72 hours between hair removing sessions.

About the Manufacturer: Veet is a brand of Reckitt Benckiser Group PLC. Veet is the number 1 depilatory brand in the world. Veet products in Bangladesh are manufactured in India and marketed in Bangladesh by Reckitt Benckiser Bangladesh Limited.",veet-hair-removal-cream-for-normal-skin-cucumber-extract-free-dettol-soap-2-pcs-25-gm-2-pcs-2,0,"['https://chaldn.com/_mpimage/veet-hair-removal-cream-for-normal-skin-cucumber-extract-free-dettol-soap-2-pcs-25-gm-2-pcs?src=https%3A%2F%2Feggyolk.chaldal.com%2Fapi%2FPicture%2FRaw%3FpictureId%3D149302&q=best&v=1', 'https://chaldn.com/_mpimage/veet-hair-removal-cream-for-normal-skin-cucumber-extract-free-dettol-soap-2-pcs-25-gm-2-pcs?src=https%3A%2F%2Feggyolk.chaldal.com%2Fapi%2FPicture%2FRaw%3FpictureId%3D154035&q=best&v=1', 'https://chaldn.com/_mpimage/veet-hair-removal-cream-for-normal-skin-cucumber-extract-free-dettol-soap-2-pcs-25-gm-2-pcs?src=https%3A%2F%2Feggyolk.chaldal.com%2Fapi%2FPicture%2FRaw%3FpictureId%3D154036&q=best&v=1', 'https://chaldn.com/_mpimage/veet-hair-removal-cream-for-normal-skin-cucumber-extract-free-dettol-soap-2-pcs-25-gm-2-pcs?src=https%3A%2F%2Feggyolk.chaldal.com%2Fapi%2FPicture%2FRaw%3FpictureId%3D154037&q=best&v=1', 'https://chaldn.com/_mpimage/veet-hair-removal-cream-for-normal-skin-cucumber-extract-free-dettol-soap-2-pcs-25-gm-2-pcs?src=https%3A%2F%2Feggyolk.chaldal.com%2Fapi%2FPicture%2FRaw%3FpictureId%3D154038&q=best&v=1', 'https://chaldn.com/_mpimage/veet-hair-removal-cream-for-normal-skin-cucumber-extract-free-dettol-soap-2-pcs-25-gm-2-pcs?src=https%3A%2F%2Feggyolk.chaldal.com%2Fapi%2FPicture%2FRaw%3FpictureId%3D154039&q=best&v=1', 'https://chaldn.com/_mpimage/veet-hair-removal-cream-for-normal-skin-cucumber-extract-free-dettol-soap-2-pcs-25-gm-2-pcs?src=https%3A%2F%2Feggyolk.chaldal.com%2Fapi%2FPicture%2FRaw%3FpictureId%3D157851&q=best&v=1']",['https://chaldn.com/_mpimage?src=https%3A%2F%2Feggyolk.chaldal.com%2Fapi%2FPicture%2FRaw%3FpictureId%3D151151&q=low&v=1'],"[35, 1494, 30, 238]","[35, 238]","[362, 144]",0,[],1,Grocery,"[{'Quantity': 122, 'EarliestAvailableTime': {'UnixTimeMilliseconds': 1717907400000, 'Offset': 360.0}, 'AvailabilityExpiryTime': {'UnixTimeMilliseconds': 1717864200000, 'Offset': 360.0}, 'EarliestAvailableTimeOfDay': None, 'AvailabilityCutOffTimeOfDay': None}]"
19,ডেটল অরিজিনাল বডিওয়াশ (ফ্রি লুফা) ২৫০ মিলি,24361,Dettol Original Bodywash (Free Loofah) 250 ml,Dettol Original Bodywash (Free Loofah),250 ml,200.0,200.0,200.0,,"Highlights
•	Dettol’s trusted germ protection with Pine fragrance
•	Keeps your skin feeling healthy & fresh
•	pH-balanced formula with no TCC & Triclosan
•	Dermatologically tested
Description
Key Features: Dettol Original Bodywash combines Dettol’s Trusted germ protection with pine fragrance to cleanse and protect your skin leaving it feeling healthy and fresh. Dettol gives you 100% better germ protection versus non-antibacterial products, as tested against bacteria. It has a pH-balanced formulation with no TCC & Triclosan and has been dermatologically tested.
Usage Direction: For the best lather, place a small amount of Dettol shower gel onto a shower puff or your palm and massage onto your body then rinse with water. 
Safety Direction: For external use only. Keep out of reach of children unless under adult supervision. Not to be used for children under 3 years of age. Avoid direct contact with eyes. In case of contact with eyes, rinse immediately with plenty of water. If persistent irritation occurs, get medical attention. Store in a cool and dry place. 
About the Manufacturer: Dettol Body Wash is made in Bangladesh by Reckitt Benckiser Bangladesh PLC. Dettol is a registered Trademark of Reckitt Benckiser PLC headquartered in England. The first Dettol product was manufactured in the year 1932 in England. Dettol is now the world’s most trusted germ kill brand.",dettol-original-bodywash-free-loofah-250-ml,0,"['https://chaldn.com/_mpimage/dettol-original-bodywash-free-loofah-250-ml?src=https%3A%2F%2Feggyolk.chaldal.com%2Fapi%2FPicture%2FRaw%3FpictureId%3D149411&q=best&v=1', 'https://chaldn.com/_mpimage/dettol-original-antibacterial-bodywash-pine-fragrance-free-loofah-box-250-ml?src=https%3A%2F%2Feggyolk.chaldal.com%2Fapi%2FPicture%2FRaw%3FpictureId%3D131114&q=low&v=1', 'https://chaldn.com/_mpimage/dettol-original-antibacterial-bodywash-pine-fragrance-free-loofah-box-250-ml?src=https%3A%2F%2Feggyolk.chaldal.com%2Fapi%2FPicture%2FRaw%3FpictureId%3D131115&q=low&v=1', 'https://chaldn.com/_mpimage/dettol-original-antibacterial-bodywash-pine-fragrance-free-loofah-box-250-ml?src=https%3A%2F%2Feggyolk.chaldal.com%2Fapi%2FPicture%2FRaw%3FpictureId%3D131116&q=low&v=1', 'https://chaldn.com/_mpimage/dettol-original-antibacterial-bodywash-pine-fragrance-free-loofah-box-250-ml?src=https%3A%2F%2Feggyolk.chaldal.com%2Fapi%2FPicture%2FRaw%3FpictureId%3D131117&q=low&v=1', 'https://chaldn.com/_mpimage/dettol-original-antibacterial-bodywash-pine-fragrance-free-loofah-box-250-ml?src=https%3A%2F%2Feggyolk.chaldal.com%2Fapi%2FPicture%2FRaw%3FpictureId%3D131118&q=low&v=1']",['https://chaldn.com/_mpimage?src=https%3A%2F%2Feggyolk.chaldal.com%2Fapi%2FPicture%2FRaw%3FpictureId%3D153364&q=low&v=1'],"[1610, 1494, 30, 1639, 1495, 30]","[1610, 1639]","[399, 420, 421, 458, 459, 494, 144, 277, 278, 281, 295, 335, 388]",0,[],1,Grocery,"[{'Quantity': 50, 'EarliestAvailableTime': {'UnixTimeMilliseconds': 1717907400000, 'Offset': 360.0}, 'AvailabilityExpiryTime': {'UnixTimeMilliseconds': 1717864200000, 'Offset': 360.0}, 'EarliestAvailableTimeOfDay': None, 'AvailabilityCutOffTimeOfDay': None}]"
20,হারপিক টয়লেট ও লাইজল সারফেস ক্লিনার ফ্লোরাল ডাবল সুরক্ষা (মগ ফ্রী),23887,Harpic Toilet & Lizol Surface Cleaner Floral Double Surokkha (Mug Free),Harpic Toilet & Lizol Surface Cleaner Floral Double Surokkha (Mug Free),,320.0,320.0,320.0,,"Highlights
●	Harpic Lizol Double Protection Offer includes Harpic Toilet Cleaner Liquid 750ml and Lizol Floor Cleaner Disinfectant Surface Cleaner Floral 500ml.
●	Removes tough stains from toilet
●	Leaves toilet sparkly Clean, hygienic and visibly neat 
●	Kills 99.9% of germs on toilet
●	Disinfectant Surface Cleaner: Removes powerful stains & kills 99.9% germs of all surfaces
●	Use directly or diluted for regular use, Suitable for cleaning all kinds of surfaces with Lizol.
●	Leaves a pleasant fragrance after a wipe with Lizol
Description
Harpic Lizol Double Protection Offer includes Harpic Toilet Cleaner Liquid 750ml and Lizol Floor Cleaner Disinfectant Surface Cleaner Floral 500ml.
Harpic Toilet Cleaner Liquid 750ml cleans from the rim to the u bend, it cleans tough stains, kills 99.9% of the germs and leaves the bowl smelling fresh and sparkling clean.
Exclusively formulated Lizol Floor Cleaner Disinfectant Surface Cleaner Floral 500ml gives your home 10x better cleaning and germ kill than phenyl & detergents. It kills virus and 99.9% germs, removes tough stains from surfaces & leaves your home with pleasant fragrance.  Lizol is safe to use on all surfaces like Ceramic, Marble Granite, Mosaic.
Usage Information: For toilet, press Harpic Toilet Cleaner Liquid cap and twist to open, squeeze liquid around the toilet bowl and rim, leave for 5-10mins, finally scrub gently using a brush and flush.
For Floor/Surface, Mix 1 cap Lizol with water (half bucket) for cleaning home & bathroom surfaces. For kitchen, use Lizol directly without diluting with water. 
Safety Measure: This product is not edible. Consult a doctor immediately if consumed or directly contacted with eyes or skin. Read label for detail.
About the Manufacturer: Harpic is a registered Trademark of Reckitt PLC headquartered in England. The first Harpic product was manufactured during 1920s in England. Harpic is the number 1 selling toilet cleaner in the world. Harpic products are made in Bangladesh by Reckitt (Bangladesh) PLC.
Lizol & Lysol are brands of Reckitt PLC. Lizol products are manufactured and marketed in Bangladesh by Reckitt Bangladesh PLC.",harpic-toilet-lizol-surface-cleaner-floral-double-surokkha-mug-free,0,"['https://chaldn.com/_mpimage/harpic-toilet-lizol-surface-cleaner-floral-double-surokkha-mug-free?src=https%3A%2F%2Feggyolk.chaldal.com%2Fapi%2FPicture%2FRaw%3FpictureId%3D129140&q=best&v=1', 'https://chaldn.com/_mpimage/harpic-toilet-lizol-surface-cleaner-floral-double-surokkha-mug-free?src=https%3A%2F%2Feggyolk.chaldal.com%2Fapi%2FPicture%2FRaw%3FpictureId%3D141439&q=best&v=1', 'https://chaldn.com/_mpimage/harpic-toilet-lizol-surface-cleaner-floral-double-surokkha-mug-free?src=https%3A%2F%2Feggyolk.chaldal.com%2Fapi%2FPicture%2FRaw%3FpictureId%3D141440&q=best&v=1', 'https://chaldn.com/_mpimage/harpic-toilet-lizol-surface-cleaner-floral-double-surokkha-mug-free?src=https%3A%2F%2Feggyolk.chaldal.com%2Fapi%2FPicture%2FRaw%3FpictureId%3D141441&q=best&v=1', 'https://chaldn.com/_mpimage/harpic-toilet-lizol-surface-cleaner-floral-double-surokkha-mug-free?src=https%3A%2F%2Feggyolk.chaldal.com%2Fapi%2FPicture%2FRaw%3FpictureId%3D141442&q=best&v=1', 'https://chaldn.com/_mpimage/harpic-toilet-lizol-surface-cleaner-floral-double-surokkha-mug-free?src=https%3A%2F%2Feggyolk.chaldal.com%2Fapi%2FPicture%2FRaw%3FpictureId%3D141443&q=best&v=1', 'https://chaldn.com/_mpimage/harpic-toilet-lizol-surface-cleaner-floral-double-surokkha-mug-free?src=https%3A%2F%2Feggyolk.chaldal.com%2Fapi%2FPicture%2FRaw%3FpictureId%3D141444&q=best&v=1', 'https://chaldn.com/_mpimage/harpic-toilet-lizol-surface-cleaner-floral-double-surokkha-mug-free?src=https%3A%2F%2Feggyolk.chaldal.com%2Fapi%2FPicture%2FRaw%3FpictureId%3D141445&q=best&v=1', 'https://chaldn.com/_mpimage/harpic-toilet-lizol-surface-cleaner-floral-double-surokkha-mug-free?src=https%3A%2F%2Feggyolk.chaldal.com%2Fapi%2FPicture%2FRaw%3FpictureId%3D141446&q=best&v=1', 'https://chaldn.com/_mpimage/harpic-toilet-lizol-surface-cleaner-floral-double-surokkha-mug-free?src=https%3A%2F%2Feggyolk.chaldal.com%2Fapi%2FPicture%2FRaw%3FpictureId%3D141447&q=best&v=1', 'https://chaldn.com/_mpimage/harpic-toilet-lizol-surface-cleaner-floral-double-surokkha-mug-free?src=https%3A%2F%2Feggyolk.chaldal.com%2Fapi%2FPicture%2FRaw%3FpictureId%3D141448&q=best&v=1']",['https://chaldn.com/_mpimage?src=https%3A%2F%2Feggyolk.chaldal.com%2Fapi%2FPicture%2FRaw%3FpictureId%3D153887&q=low&v=1'],"[84, 81, 1542, 81]","[84, 1542]","[144, 462, 494]",0,[],1,Grocery,"[{'Quantity': 18, 'EarliestAvailableTime': {'UnixTimeMilliseconds': 1717907400000, 'Offset': 360.0}, 'AvailabilityExpiryTime': {'UnixTimeMilliseconds': 1717864200000, 'Offset': 360.0}, 'EarliestAvailableTimeOfDay': None, 'AvailabilityCutOffTimeOfDay': None}]"
