Company Name,Location,URL,Other Sources
"Best 5 Foundation Repair Companies in Raleigh, NC","Raleigh/Durham, NC",https://www.thisoldhouse.com/near-me/north-carolina/raleigh/foundation-repair,Google Search
"10 Best Foundation Repair Companies in Raleigh, NC","Raleigh/Durham, NC",https://www.usatoday.com/money/homefront/local-pros/foundation-repair-raleigh-nc/,Google Search
"11 Best Foundation Companies in Raleigh, NC","Raleigh/Durham, NC",https://todayshomeowner.com/near-me/north-carolina/raleigh/foundation-repair/,Google Search
"Raleigh Foundation Repair | Residence, Commercial, Builder","Raleigh/Durham, NC",https://www.foundationrepairservices.com/service-areas/north-carolina/raleigh/,Google Search
"Top 10 Best Foundation Repair in Raleigh, NC","Raleigh/Durham, NC",https://www.angi.com/companylist/raleigh/foundation-repair.htm,Google Search
"Best 5 Foundation Repair Companies in Durham, NC","Raleigh/Durham, NC",https://www.thisoldhouse.com/near-me/north-carolina/durham/foundation-repair,Google Search
"Raleigh Foundation Repair, Waterproofing & Concrete Leveling","Raleigh/Durham, NC",https://regionalwaterproofing.com/,Google Search
"11 Best Foundation Companies in Durham, NC","Raleigh/Durham, NC",https://todayshomeowner.com/near-me/north-carolina/durham/foundation-repair/,Google Search
"THE BEST 10 Foundation Repair in RALEIGH, NC","Raleigh/Durham, NC",https://www.yelp.com/search?cflt=foundationrepair&find_loc=raleigh%2C+nc,Google Search
New Jersey Basement Foundation Repair,New Jersey,https://www.blueumbrellawaterproofing.com/foundation-repair/,Google Search
Foundation & Structural Repair in New Jersey,New Jersey,https://www.quality1stcompanies.com/structural-repair.html,Google Search
Fast and Affordable Foundation Repair in New Jersey,New Jersey,https://basementwps.com/foundation-structural-repairs/,Google Search
Foundation Repair,New Jersey,https://allcountywaterproofing.com/foundation-repair/,Google Search
Foundation Repair & Crawl Space Solutions in New Jersey,New Jersey,https://www.groundworks.com/service-areas/new-jersey/,Google Search
New Jersey Foundation Repair & Waterproofing,New Jersey,https://myfoundationrepairs.com/locations/new-jersey/,Google Search
"Home Foundation Repair in NJ, PA, and NYC",New Jersey,https://www.quality1stbasementsystems.com/foundation-repair.html,Google Search
"Top 10 Best Foundation Repair in Jersey City, NJ",New Jersey,https://www.angi.com/companylist/us/nj/jersey-city/foundation-repair.htm,Google Search
Hale Built Foundation Repair Solutions,New Jersey,https://halebuilt.com/service-category/foundation-repair-nj/,Google Search
"Best 5 Foundation Repair Companies in Denver, CO","Denver, CO",https://www.thisoldhouse.com/near-me/colorado/denver/foundation-repair,Google Search
Foundation Repair & Basement Waterproofing - Denver | Free ...,"Denver, CO",https://denverfoundationsolutions.com/,Google Search
Pinnacle Structural Services | Colorado's Foundation Repair ...,"Denver, CO",https://pinnaclestructuralservices.com/,Google Search
Colorado Structural Repair: Foundation Repair - Denver,"Denver, CO",https://www.coloradostructuralrepair.com/,Google Search
"Denver, CO's Local Foundation Repair & Basement ...","Denver, CO",https://www.gothrasher.com/service-area/denver-co.html,Google Search
"Foundation Repair Denver, CO | Waterproofing | Book Free ...","Denver, CO",https://www.olshanfoundation.com/regions/colorado/denver/,Google Search
Colorado Foundation Repair Contractors,"Denver, CO",https://www.ramjack.com/denver/,Google Search
"11 Best Foundation Companies in Denver, CO","Denver, CO",https://todayshomeowner.com/near-me/colorado/denver/foundation-repair/,Google Search
"THE BEST 10 Foundation Repair in DENVER, CO","Denver, CO",https://www.yelp.com/search?cflt=foundationrepair&find_loc=Denver%2C+CO,Google Search
"Foundation Repair Peoria, IL - Kelley Construction Contractors","Peoria, IL",https://kelleyconstructioninc.com/foundation-repair/,Google Search
"Peoria, IL Foundation Repair & Basement Waterproofing ...","Peoria, IL",https://www.gothrasher.com/service-area/peoria-il.html,Google Search
"Foundation Repair serving Peoria, Il and More - Helitech","Peoria, IL",https://helitechonline.com/peoria-bloomington/,Google Search
"Foundation Repair, East Peoria, IL","Peoria, IL",https://acculevel.com/illinois/east-peoria/foundation-repair-east-peoria-il/,Google Search
Foundation Repair & Basement Waterproofing | Peoria IL,"Peoria, IL",https://peoriafoundationrepairs.com/,Google Search
"Foundation Repair Solutions in Peoria, IL","Peoria, IL",https://www.midamericabasementsystems.com/peoria-foundation-repair/peoria-foundation-repair-solutions.html,Google Search
Foundation Repair & Replacement Experts,"Peoria, IL",https://forcebasements.com/foundation-repair/,Google Search
"Foundation Repair, Peoria, IL","Peoria, IL",https://acculevel.com/illinois/peoria/foundation-repair-peoria-il/,Google Search
"Top 10 Best Foundation Repair in Peoria, IL","Peoria, IL",https://www.angi.com/companylist/us/il/peoria/foundation-repair.htm,Google Search
Sugar Land Foundation Repair,"Sugar Land, TX",https://www.sugarlandfoundationrepair.com/,Google Search
"Top 10 Best Foundation Repair in Sugar Land, TX","Sugar Land, TX",https://www.angi.com/companylist/us/tx/sugar-land/foundation-repair.htm,Google Search
Sugar Land Foundation Repair,"Sugar Land, TX",https://www.olshanfoundation.com/regions/texas/sugar-land/,Google Search
"11 Best Foundation Companies in Sugar Land, TX","Sugar Land, TX",https://todayshomeowner.com/near-me/texas/sugar-land/foundation-repair/,Google Search
Sugar Land Foundation Repair - Houston,"Sugar Land, TX",https://www.atlasfoundation.net/servicing-areasugar-land-foundation-repair/,Google Search
"Affordable Foundation Repair in Sugar Land, TX | Dura Pier","Sugar Land, TX",https://durapier.com/sugar-land-foundation-repair/,Google Search
Foundation Repair Sugar Land TX - PFS,"Sugar Land, TX",https://texaspfs.com/foundation-repair-sugar-land-tx/,Google Search
"THE BEST 10 Foundation Repair in SUGAR LAND, TX","Sugar Land, TX",https://www.yelp.com/search?cflt=foundationrepair&find_loc=Sugar+land%2C+TX,Google Search
Sugar Land Foundation Repair,"Sugar Land, TX",https://www.dawsonfoundationrepair.com/sugar-land-texas/,Google Search
Sugar Land Foundation Contractor,"Sugar Land, TX",https://www.fixmyslab.com/sugar-land-foundation-contractor/,Google Search
